{"train": [0.17184869317631973, 0.15282843399204707, 0.14459292453370595], "val": [0.15999094918370246, 0.1560841865837574, 0.13821459114551543]}