{"train": [0.13406171696881453, 0.11218795155485471, 0.10199926080803076], "val": [0.1264693021774292, 0.12455881983041764, 0.10615332089364529]}