{"train": [0.13045366145670415, 0.1069112011541923, 0.09002765320241451, 0.07529543206095696, 0.06541040925929943, 0.057514159927765526, 0.04979136899113655, 0.04566057657202085, 0.04147296754022439, 0.03978371349473794, 0.03688370160758495, 0.03435677183171113, 0.032539622001349924, 0.03286493954559167, 0.030645583868026734, 0.030487185418605803, 0.029212760316828887, 0.029062479933102927, 0.02838227075835069, 0.02868414144963026, 0.027968975206216176, 0.02730327336738507, 0.02749873640636603, 0.027642577985922494, 0.027522978795071443, 0.030612154143551985, 0.02741708990186453, 0.02672242060303688, 0.026260134180386863, 0.026244249468048413, 0.026958595489462216, 0.02651131110265851, 0.02659753737350305, 0.026972069293260573, 0.025590296909213064, 0.02611645970493555, 0.025781334098428487, 0.025894798748195173, 0.025872675155599913, 0.025697918944060802, 0.025609544528027377, 0.026074216688672703, 0.025886455501119295], "val": [0.12325257956981658, 0.1068943403661251, 0.09283442795276642, 0.07805757112801075, 0.07305586002767087, 0.06059596128761768, 0.06411523707211017, 0.044013490341603755, 0.03807311709970236, 0.03513967618346214, 0.039704936742782596, 0.028433092311024664, 0.03499203212559223, 0.03164973296225071, 0.03652527406811714, 0.029910352453589438, 0.02968824151903391, 0.028107077814638615, 0.026862155459821225, 0.025918368250131607, 0.028296080231666566, 0.0261370362713933, 0.02450870256870985, 0.03024714533239603, 0.02980998791754246, 0.026837075501680373, 0.025978918373584747, 0.027874012105166913, 0.025424784794449807, 0.02618344482034445, 0.02630977053195238, 0.02690886687487364, 0.02668993715196848, 0.02468783315271139, 0.026898973621428013, 0.02521244753152132, 0.02610903140157461, 0.025482861883938314, 0.02526391874998808, 0.024562796019017695, 0.026419354788959026, 0.02722298204898834, 0.026173290610313416]}