{"train": [0.18500769922607824, 0.18516198192772113, 0.1712246648967266, 0.1540453028129904, 0.15325594869883438, 0.15291300121890872, 0.15118668620523654, 0.1490757483008661, 0.1430395110265205, 0.13123916344423042, 0.10903707068217428, 0.09690350921530473, 0.08708094570197557, 0.08064859125174974, 0.07521914916211053, 0.07158941569689073, 0.06970416940748692, 0.06671706047889434, 0.06511498477898146, 0.06358521657162591, 0.06202144411049391, 0.06033951563662604, 0.058873590474065984, 0.05734269585656492, 0.056013840103619976, 0.05504466554051951, 0.053707063884327284, 0.05325224603477277, 0.0521939476265719, 0.05162177656434084, 0.05158717851889761, 0.05070921827695871, 0.04988025207268564, 0.048992526766500975, 0.04878809214814713, 0.04826762046861021, 0.04767493442877343, 0.047385336929246, 0.04673774932560168, 0.04646166649303938, 0.04594803209367551, 0.045776569431549625, 0.04532839024537488, 0.045095457744441535, 0.044441161677241325, 0.04403859788649961, 0.043798863103515225, 0.04384145307305612, 0.043447659890118395, 0.043449448813733305], "val": [0.19058129638433458, 0.18976095020771028, 0.16232489719986914, 0.16007941365242004, 0.15943980142474173, 0.15854200422763826, 0.1567417450249195, 0.15266601815819741, 0.14575500413775444, 0.1239615797996521, 0.10586528778076172, 0.0935510165989399, 0.08743100836873055, 0.07808782905340195, 0.07372768335044384, 0.07120467647910118, 0.06836792081594467, 0.06591091342270375, 0.06328458674252033, 0.06231141276657581, 0.061423381045460704, 0.05888510458171368, 0.05799830257892609, 0.05652478188276291, 0.05482294894754887, 0.053923727571964265, 0.053720468655228615, 0.05255911685526371, 0.05127197541296482, 0.050686571002006534, 0.05108234584331513, 0.05000892095267773, 0.049112551659345624, 0.04841164611279965, 0.04833091758191586, 0.04867613390088081, 0.04837452881038189, 0.04813178889453411, 0.04720680341124535, 0.046209406852722165, 0.046646901220083234, 0.04676082208752632, 0.044991443678736684, 0.045206545293331145, 0.04510300196707249, 0.043990517407655715, 0.045397430658340454, 0.04328250512480736, 0.04322917051613331, 0.04416644312441349]}