{"train": [0.129408876846234, 0.10639311529695988, 0.09500908985733986], "val": [0.13070876747369767, 0.10424034707248211, 0.10416284650564193]}