{"train": [0.13045366145670415, 0.10676753737032413, 0.08967590630054474, 0.07611199262241522, 0.065958408365647, 0.05843417835732301, 0.05062985514601072, 0.04634655227263768, 0.04208439325292905, 0.041046887673437595, 0.037498495765030386, 0.034548357898990315, 0.033075128023823105, 0.032649833783507345, 0.031175969615578652, 0.03063865948468447, 0.029804085368911427, 0.02882416589806477, 0.028406279248495897, 0.027824758887290954, 0.02723445678750674, 0.026982245383163295, 0.02666598175962766, 0.026553465786079564, 0.026489416416734458, 0.026063132534424462, 0.025986197286595902, 0.025535110731919608, 0.025528232573221128, 0.02543638356650869], "val": [0.12325257956981658, 0.11653972491621971, 0.08836909867823124, 0.07853069268167019, 0.07816518098115921, 0.055403245612978935, 0.06762580871582032, 0.04638469889760018, 0.04183373060077429, 0.035182925313711165, 0.037548683024942874, 0.030706620961427688, 0.03208175431936979, 0.03192611169070005, 0.029183300398290157, 0.0312166640534997, 0.030991550534963608, 0.028876867331564426, 0.0260338282212615, 0.02565418351441622, 0.02824205607175827, 0.02458326704800129, 0.024747127294540407, 0.024532068520784378, 0.025299281068146228, 0.024379203282296657, 0.02449295371770859, 0.023717116191983224, 0.023742088861763478, 0.023896915093064307]}