{"train": [0.16130482127269108, 0.13913984822730224, 0.07964705750346183, 0.06612963097790878, 0.05939977665742238, 0.05415882227321466, 0.05043177475531896, 0.04767492065827052, 0.045814448657135166, 0.0443264801800251, 0.04350435598442952, 0.04257446068028609, 0.04152778351058563, 0.0410332190990448, 0.040251291419068976, 0.039736875953773655, 0.03904597702125708, 0.038573795383175215, 0.038032438394924005, 0.03755764994770289, 0.03773539734383424, 0.037071552947163584, 0.03655824278791746, 0.03628162624935309, 0.036094199356933435, 0.03573708925396204, 0.03565595676501592, 0.03517810552070538, 0.035046226096649966, 0.034803662449121475, 0.034395857204993566, 0.03416347052901983, 0.03398126151412725, 0.03382983220120271, 0.03373126567651828, 0.033578904730578264, 0.03339487270762523, 0.03309572300563256, 0.03297142128149668, 0.03328976608812809, 0.032639418405791126, 0.03258766201635202, 0.03263816986232996, 0.03244731307029724, 0.03223219299068054, 0.03221066697190205, 0.031888823037346206, 0.03197480640063683, 0.03186761360615492, 0.03181851832816998], "val": [0.15897314101457596, 0.10085071176290512, 0.07286116480827332, 0.061380437761545184, 0.0573091235011816, 0.05092970617115498, 0.0482808168977499, 0.045530904084444046, 0.04453555382788181, 0.0434084914624691, 0.04300029873847962, 0.04191267155110836, 0.041067267581820485, 0.040623928979039194, 0.039608904533088206, 0.03901488520205021, 0.03859414234757423, 0.03809682484716177, 0.03775173258036375, 0.037059484608471395, 0.036671164259314534, 0.037107096053659916, 0.03754953816533089, 0.035670670308172704, 0.03601408414542675, 0.035060684010386464, 0.035573318414390084, 0.03463380392640829, 0.0376502824947238, 0.03440902270376682, 0.034000642225146295, 0.03376368284225464, 0.033531359396874905, 0.03330713976174593, 0.033602315746247766, 0.033015969581902026, 0.032893828116357327, 0.032643971219658854, 0.03269116785377264, 0.03306346256285906, 0.032409995794296265, 0.03216766379773617, 0.032934540696442124, 0.031902590207755564, 0.031729156337678435, 0.03207913730293512, 0.031513011269271377, 0.03210490681231022, 0.03161263763904572, 0.0326383326202631]}