{"train": [0.13108093430598577, 0.10939572734137376, 0.09803180798888206], "val": [0.12561730146408082, 0.11153802014887333, 0.10333381034433842]}