{"train": [0.13476688760022323, 0.11200987659394741, 0.09607300996780395, 0.08299560323357583, 0.07284142442047596, 0.0636390236268441, 0.05509107223401467, 0.0516616823275884, 0.04746858154733976, 0.04259675458073616, 0.0391698502873381, 0.038317368353406586, 0.03772465157012145, 0.03777364345888297, 0.03435645564148823, 0.033741525808970135, 0.03203205291181803, 0.03222257434080045, 0.03030626373986403, 0.030724646200736363, 0.030062706135213377, 0.029041787373522917, 0.02914128770430883, 0.028221281816562017, 0.028384154935677846, 0.02826087275519967, 0.028283082203318675, 0.027775831936548152, 0.027477554467817147, 0.027967670659224193], "val": [0.1289171352982521, 0.13077147230505942, 0.08871023803949356, 0.07830405719578266, 0.0713947732001543, 0.06604261323809624, 0.05634327419102192, 0.055816306918859485, 0.04789387620985508, 0.03902830332517624, 0.03532223030924797, 0.0397897694259882, 0.03063959814608097, 0.03945986218750477, 0.0322787968441844, 0.033192025125026704, 0.037686347775161264, 0.03359401375055313, 0.02929628435522318, 0.027909155189990997, 0.02780208270996809, 0.025942062959074974, 0.026855372451245786, 0.026925581507384777, 0.025293699838221072, 0.02513930145651102, 0.026031462661921977, 0.02617260701954365, 0.0256462924182415, 0.026550547406077384]}