{"train": [0.1308977593978246, 0.10807272143661976, 0.0972462818523248], "val": [0.12549693062901496, 0.09800643436610698, 0.0996397990733385]}