{"train": [0.13056181405981382, 0.1064046863714854, 0.08843823375801245, 0.07705697587380807, 0.0658185401558876, 0.05727536056190729, 0.049990754139920074, 0.043586444767812885, 0.039886602237820624, 0.037132244110107425, 0.03535810507833958, 0.03366132621963819, 0.032790726299087206, 0.030710423849523067, 0.02904811846713225, 0.028384672875205675, 0.028492345723013082, 0.027280479681988556, 0.026490943419436613, 0.026473461985588073, 0.02633647950987021, 0.026427518110722303, 0.025418493760128814, 0.025261137740065654, 0.02522718025992314, 0.025077412277460097, 0.02462500549852848, 0.02476009474446376, 0.024770795063426096, 0.024701182146867118], "val": [0.1200210228562355, 0.10704899281263351, 0.09302069880068302, 0.07867654934525489, 0.07555572800338269, 0.07211165614426136, 0.05610911883413792, 0.03667522799223662, 0.0433700954541564, 0.033582482114434244, 0.02697404697537422, 0.03692321367561817, 0.027962690219283104, 0.02943242937326431, 0.02887253277003765, 0.025882178731262685, 0.025087691843509674, 0.02701035439968109, 0.03218326512724161, 0.028267855942249297, 0.025848749093711376, 0.02608716655522585, 0.024699387699365617, 0.024162494018673895, 0.02394443117082119, 0.024025500193238257, 0.024096094816923142, 0.02402376849204302, 0.02399173639714718, 0.023952229879796505]}