{"train": [0.1680809035897255, 0.1679280924797058, 0.16777338027954103, 0.16761662051081658, 0.16745817144711814, 0.1672980186343193, 0.16713617920875548, 0.1669726337492466, 0.16680752565463383, 0.16664074843128523, 0.16647235343853634, 0.1663022318482399, 0.16613061860203743, 0.1659574138124784, 0.1657826519012451, 0.1656062965095043, 0.16542851602037748, 0.1652492389579614, 0.16506852467854818, 0.16488638122876484, 0.16470274145404498, 0.16451773077249526, 0.16433132047454516, 0.16414350067575773, 0.1639543438454469, 0.1637638795375824, 0.16357210392753282, 0.163378943502903, 0.16318448598186175, 0.16298866470654805, 0.16279159689942996, 0.16259322747588156, 0.1623935975631078, 0.1621927374601364, 0.161990643988053, 0.1617872378230095, 0.16158258467912673, 0.1613767180343469, 0.16116964653134347, 0.16096135680874188, 0.16075184310475985, 0.16054112752278646, 0.1603291641175747, 0.16011611193418504, 0.15990178580085437, 0.1597494291762511, 0.15973110948999722, 0.15971650262673695, 0.15970083316167197, 0.15968400662144025], "val": [0.1738550215959549, 0.17370584085583687, 0.1735546037554741, 0.17340147122740746, 0.17324672117829323, 0.1730905778706074, 0.17293220311403273, 0.17277254089713096, 0.17261108681559562, 0.17244840115308763, 0.1722837917506695, 0.17211833223700523, 0.1719505101442337, 0.17178149223327638, 0.17161084786057473, 0.17143908217549325, 0.17126541212201118, 0.1710905261337757, 0.17091457769274712, 0.1707366533577442, 0.17055772989988327, 0.17037705183029175, 0.1701953664422035, 0.17001248002052308, 0.1698274679481983, 0.16964191421866417, 0.16945514753460883, 0.16926706507802008, 0.16907726153731345, 0.16888655200600625, 0.16869428530335426, 0.16850093752145767, 0.16830646470189095, 0.1681106723845005, 0.16791341975331306, 0.1677153743803501, 0.16751616522669793, 0.16731554120779038, 0.16711352914571762, 0.1669107459485531, 0.16670673489570617, 0.16650107651948928, 0.16629493087530137, 0.16608702912926673, 0.16587864607572556, 0.1658238060772419, 0.16580938622355462, 0.1657939985394478, 0.16577733233571051, 0.16575961858034133]}