{"train": [0.1303988074262937, 0.10584167475501696, 0.08800547853112221, 0.07432864731798569, 0.06386439404139917, 0.05358372158060471, 0.05013413512458404, 0.04122094093511502, 0.03820545236269633, 0.03657153852283954, 0.03620635289698839, 0.03149362042546272, 0.030959934865434965, 0.029249083350102106, 0.028195114731788637, 0.027131205890327692, 0.025819184985011817, 0.026800630974272887, 0.024957584124058484, 0.02475055767223239, 0.02327788050596913, 0.022882519109795493, 0.022149928007274867, 0.02198768896361192, 0.021819553847114245, 0.02172808105746905, 0.021242295447736977, 0.021337874693175156, 0.021509980590393146, 0.021160918461779754], "val": [0.11997590437531472, 0.10135882273316384, 0.09047742895781993, 0.07283640392124653, 0.0750398337841034, 0.06601900234818459, 0.04435839783400297, 0.04971446730196476, 0.035953847132623194, 0.038531137816607955, 0.03771625012159348, 0.025116226449608803, 0.024358882755041122, 0.03250477127730846, 0.02660015467554331, 0.02342269364744425, 0.02116799056529999, 0.028255225531756877, 0.027324491553008555, 0.021633917838335036, 0.02158827055245638, 0.021121762227267027, 0.022224817797541617, 0.021755656972527505, 0.02024706220254302, 0.019111074786633254, 0.024188936315476896, 0.01995081165805459, 0.023339098878204824, 0.020688111800700425]}