{"train": [0.18514740213751793, 0.1848189595838388, 0.1844904626905918, 0.1841618380943934, 0.18383329937855403, 0.18350479846199352, 0.18317646712064742, 0.18284804140528044, 0.18251946558554968, 0.1821908073623975, 0.1818622799217701, 0.18153371701637905, 0.18120519071817398, 0.18087676748633386, 0.18054827585816383, 0.18021980653206507, 0.1798912877837817, 0.1795628677805265, 0.17923439582188924, 0.17890595744053522, 0.17857747783263525, 0.1782490334411462, 0.17792058254281679, 0.17759227002660433, 0.17726377710700036, 0.1769353799521923, 0.1766069379945596, 0.1762785694996516, 0.1759500991801421, 0.17562167927622796, 0.17529319296280543, 0.17496472055713336, 0.17463622927665712, 0.17430782526731492, 0.1739794028798739, 0.17365105216701826, 0.1733227242032687, 0.17299428348739943, 0.17266585116585095, 0.17233743796745937, 0.1720089386900266, 0.17168059503038724, 0.17135215471188228, 0.1710237636665503, 0.1706953996916612, 0.17036707878112792, 0.17003878692785898, 0.1697103497882684, 0.16938191875815392, 0.16905346021056175], "val": [0.19034951627254487, 0.19003036767244338, 0.18971079736948013, 0.18939196765422822, 0.18907242864370347, 0.18875324577093125, 0.18843454420566558, 0.18811543732881547, 0.18779582679271697, 0.18747732564806938, 0.1871577210724354, 0.18683884739875795, 0.18652006685733796, 0.18620060309767722, 0.18588127419352532, 0.18556184992194175, 0.1852429337799549, 0.18492365255951881, 0.18460511788725853, 0.18428573831915857, 0.18396652042865752, 0.1836474396288395, 0.183328577876091, 0.18300906047225, 0.18269077315926552, 0.1823713533580303, 0.1820518769323826, 0.18173295333981515, 0.1814143754541874, 0.1810946024954319, 0.1807760365307331, 0.1804571196436882, 0.1801379255950451, 0.17981882616877556, 0.17949977442622184, 0.1791804015636444, 0.1788613237440586, 0.17854277268052102, 0.17822398245334625, 0.17790456265211105, 0.17758607044816016, 0.17726619988679887, 0.1769471734762192, 0.17662815228104592, 0.17630868926644325, 0.1759897254407406, 0.1756710134446621, 0.17535241022706033, 0.17503296881914138, 0.17471392154693605]}