{
  "params": {
    "C": 12,
    "lr": 0.0041549324409165065,
    "weight_decay": 4.0234933894050666e-06,
    "batch_size": 16,
    "epochs": 200
  },
  "best_val_E": 0.0020231682962427535,
  "n_params": 66697,
  "train_loss": [
    0.1383001716931661,
    0.11452783515055974,
    0.09390550528963407,
    0.08092102850476901,
    0.07071095375965039,
    0.06181654907763004,
    0.05448067146042983,
    0.046580663360655306,
    0.046057066085437935,
    0.04310345655928056,
    0.04077369809150696,
    0.036070941562453905,
    0.03224943929662307,
    0.028311520690719287,
    0.02491437887772918,
    0.025778103632231552,
    0.023361264845977225,
    0.018206931271900734,
    0.018485367664446434,
    0.017507293317466973,
    0.01827907972658674,
    0.014910031861315171,
    0.013541056582083304,
    0.012775344199811418,
    0.013575961782286565,
    0.012619618487854799,
    0.014655699537446101,
    0.01252748486896356,
    0.011057664180795351,
    0.010804394527028005,
    0.011301075257360935,
    0.00949715598175923,
    0.009309153966605664,
    0.009816525025914112,
    0.0102810708557566,
    0.010124629925315579,
    0.009442564792310199,
    0.01148485547552506,
    0.008808719211568434,
    0.009027031492441892,
    0.009259662078693508,
    0.008396427010496458,
    0.0075412347571303445,
    0.008972668306281168,
    0.008088297822202245,
    0.00900141330435872,
    0.007519110183541973,
    0.008390607895950477,
    0.008707222153122226,
    0.008596230037510396,
    0.008555352557450532,
    0.009464546305437882,
    0.0072314415623744325,
    0.007387661471342047,
    0.007532495822136601,
    0.007040600730106234,
    0.006630739842851957,
    0.006525816079229117,
    0.007924822885543107,
    0.0060195607195297875,
    0.007642881314580639,
    0.006983406208455563,
    0.00599112209243079,
    0.0062668899850298965,
    0.006321963798254729,
    0.006898452487463753,
    0.007305168577780326,
    0.007720082166294257,
    0.006271346400802334,
    0.0060733728079746165,
    0.006646010130643845,
    0.005798954119284948,
    0.005850325119681656,
    0.005301564019173383,
    0.006711108659704527,
    0.006008376966541012,
    0.006267545021449526,
    0.00570586240850389,
    0.006171412173037728,
    0.00635603311782082,
    0.00554449575021863,
    0.005978944989231725,
    0.005486141114185254,
    0.006088871133203308,
    0.004971376041260858,
    0.005333461569001277,
    0.006170416589205464,
    0.006351972430323561,
    0.005664313140635689,
    0.005689591743672887,
    0.006288686137025555,
    0.00563829282609125,
    0.005630315418044726,
    0.005198628352954984,
    0.005148285198956728,
    0.0049739575727532305,
    0.004594447410975894,
    0.005768059743568301,
    0.005567279979586602,
    0.004879168892900149,
    0.004407917829230428,
    0.004425078361916046,
    0.004761349946881334,
    0.004557441798970103,
    0.004473306781922777,
    0.005072020646184683,
    0.004755346278349558,
    0.0048422928620129825,
    0.004874194030029078,
    0.004579770260800918,
    0.00483215550892055,
    0.004259646770854791,
    0.004410856963756184,
    0.004209312829189003,
    0.004386546419312557,
    0.004448486293355624,
    0.004501662865901986,
    0.004109286156793435,
    0.004202811825089157,
    0.004696258905654152,
    0.0050848792058726154,
    0.004131980113064249,
    0.004489437658339739,
    0.004046143009327352,
    0.003740483350120485,
    0.0036270335161437592,
    0.003751268177293241,
    0.0050991136518617475,
    0.004358006833742063,
    0.003877434713455538,
    0.0037777885887771844,
    0.0036951798976709443,
    0.0037301252766822777,
    0.004028043788857758,
    0.003826656073021392,
    0.0034278254102294643,
    0.0037487578904256223,
    0.00346696935283641,
    0.0036604900176947317,
    0.0034920941789944966,
    0.004204189941907923,
    0.0038112541800364853,
    0.003068302948959172,
    0.003524044412188232,
    0.0032375857358177503,
    0.003098190181578199,
    0.0032453559618443252,
    0.0034056282478074234,
    0.0033382923466463883,
    0.0031390051714455087,
    0.0033292358446245394,
    0.0031097798872118197,
    0.0028905938084547718,
    0.0029826417192816736,
    0.0032535700065394243,
    0.003040863876231015,
    0.0029580425936728714,
    0.0027752841295053563,
    0.002967410773659746,
    0.003066216562874615,
    0.0028778035659343002,
    0.0028884768253192306,
    0.002927435099457701,
    0.00318501492186139,
    0.0026885806877786915,
    0.002852221322245896,
    0.002950278843442599,
    0.00295631206749628,
    0.002955914173896114,
    0.0026952473881344,
    0.002777942311950028,
    0.002871525534428656,
    0.0027174147265031936,
    0.0026243280976389846,
    0.0030287484871223567,
    0.002721337239878873,
    0.0026235493319109082,
    0.0026277602727835378,
    0.0025726345817868907,
    0.002529795411974192,
    0.0027077684303124746,
    0.00254633578316619,
    0.0025794906184698142,
    0.002510478887706995,
    0.0025586497100691,
    0.0024851629541565974,
    0.0024403134857614835,
    0.0024545816673586765,
    0.002588078589178622,
    0.002486795714745919,
    0.002644290675719579,
    0.002456320209118227,
    0.0026007034039745728,
    0.0025652783876284955,
    0.00244637931852291,
    0.002452268406438331,
    0.0024525509650508565,
    0.002548728942250212,
    0.00243160392002513,
    0.0024211750955631336
  ],