{"train": [0.13615335255861283, 0.11977889100710551, 0.10832333559170365, 0.09918275877833366, 0.09008032985031605, 0.08260289190957944, 0.07442561404158672, 0.06770971048623324, 0.062366914339363574, 0.054769649679462115, 0.051375216289112964, 0.04647324550276001, 0.042215080888321, 0.038806493065009516, 0.036130418286969265, 0.031127671400705974, 0.029959243095169466, 0.0277912475541234, 0.024690791921069224, 0.02352734634652734, 0.022146216196318468, 0.022171033943692842, 0.019426741525530814, 0.020091143352910876, 0.018443396141131718, 0.017758618257939816, 0.017145777589951953, 0.017494119632368285, 0.016435358468443156, 0.016387442142392197, 0.014689428688337405, 0.014802351854741573, 0.015402601150174935, 0.01530151474289596, 0.01409371769366165, 0.013151000663638114, 0.013464102161427339, 0.01286166929329435, 0.013364591412246227, 0.012199543425813317, 0.011920042211810748, 0.013964694046104948, 0.012451123952244719, 0.0128244258929044, 0.013057117791225512, 0.012069163909181953, 0.011484884613504012, 0.012034224498396119, 0.01200007125735283, 0.011652235702301065, 0.011844811604047815, 0.011607140768319368, 0.010834576217457653, 0.01068681559835871, 0.01124763601149122, 0.010614467759927113, 0.011687323488295077, 0.010710439747199416, 0.010716173816472292, 0.010675644129514694, 0.010702477482457956, 0.011513598461945851, 0.01045253905467689, 0.010732217136149606, 0.010343841081485151, 0.010219708780447641, 0.010105485661576192, 0.010207691707958778, 0.01048186447781821, 0.009842880101253589, 0.010088502739866575, 0.010415609699363509, 0.010211965106427669, 0.009725238624960185, 0.00979888918188711, 0.010112726741159955, 0.009180655799185236, 0.009593732183178267, 0.009293154670546451, 0.009592728853846589, 0.009757448015734553, 0.0096881056856364, 0.009388181598236163, 0.009235967739174763, 0.009338164993872244, 0.009632830657064915, 0.009098216546699405, 0.00958841545196871, 0.009124794453382492, 0.0086192293651402, 0.00858090739386777, 0.008833628799766301, 0.00904560271340112, 0.008563851149131855, 0.008901181823263566, 0.008597811708847682, 0.008592168278992176, 0.008583024802307288, 0.008504312018242975, 0.008700243417794505, 0.008187618801991144, 0.008540338973204295, 0.008557584655160705, 0.008205871876950065, 0.008320078703885276, 0.008603328899480402], "val": [0.1330859951674938, 0.11980858109891415, 0.11058357879519462, 0.10226641446352006, 0.08907359652221203, 0.08634223714470864, 0.08000475615262985, 0.07098673097789288, 0.06253760904073716, 0.05676278509199619, 0.053048011660575864, 0.049272123351693155, 0.041994487307965754, 0.0341398311778903, 0.03895796798169613, 0.034772475436329844, 0.028278881683945656, 0.0205711267888546, 0.022395021095871926, 0.015936946589499713, 0.018339240364730357, 0.017368045169860125, 0.02653085011988878, 0.016098293662071227, 0.019054789468646048, 0.01287138843908906, 0.016281988378614186, 0.013001014571636915, 0.02119510332122445, 0.010604726942256093, 0.016759621538221837, 0.019997847825288774, 0.01180335870012641, 0.01033639102242887, 0.012851289613172412, 0.0140944866463542, 0.014519462082535028, 0.011218377575278281, 0.013959039375185967, 0.01306364475749433, 0.01210117363370955, 0.016427910048514606, 0.016015737876296045, 0.014638729114085435, 0.010591338714584708, 0.010388065315783023, 0.011534614535048605, 0.013091559195891023, 0.010966920386999845, 0.010840373719111085, 0.013654753565788269, 0.011649022111669183, 0.01031319834291935, 0.013164630997925997, 0.009780847327783703, 0.011071031214669347, 0.010250343568623066, 0.011168163875117898, 0.012283228943124414, 0.01181839001365006, 0.01180525179952383, 0.008950266102328897, 0.012810688465833664, 0.011091465735808015, 0.010225344356149435, 0.010671177273616194, 0.009851178573444485, 0.011795177636668087, 0.008881952939555049, 0.008963749138638377, 0.017868361622095107, 0.009327235678210855, 0.011977078625932336, 0.009119998244568706, 0.009600886469706893, 0.008954057563096285, 0.008765990054234863, 0.010847256612032652, 0.009033576957881451, 0.01016059867106378, 0.01133971749804914, 0.008731660153716802, 0.00920903291553259, 0.010335004469379783, 0.010468167951330543, 0.008289691479876637, 0.012150114448741079, 0.008738219132646918, 0.009842019621282816, 0.009721956169232725, 0.009241159819066525, 0.00835404614917934, 0.0096540919970721, 0.009394474839791656, 0.009500865591689944, 0.009554054774343967, 0.008824594924226404, 0.008355099894106387, 0.009161201817914844, 0.008359430963173509, 0.008716868190094828, 0.008701661648228765, 0.010706082871183752, 0.008591650100424886, 0.009035770641639828, 0.008490571565926076]}